2020-11-17 20:38 ~ moonlight_kpop_shop ~ None,
2020-11-17 20:43 ~ boxed._ ~ None,
2020-11-17 20:59 ~ anne.gloton ~ None,
2020-11-17 21:11 ~ kstreetcustoms ~ None,
2020-11-17 21:14 ~ customs_by_charley ~ None,
2020-11-17 21:17 ~ supermexicanmia ~ None,
2020-11-17 21:20 ~ mark_m_customs ~ None,
2020-11-17 21:24 ~ alishascustoms ~ None,
2020-11-17 21:32 ~ customconverseuk ~ None,
2020-11-17 21:34 ~ lastingmemoriescreations ~ None,
2020-11-17 21:41 ~ b1customapparel ~ None,
2020-11-17 21:49 ~ eytanlewkowski ~ None,
2020-11-17 21:53 ~ sneakersshape_com ~ None,
2020-11-17 21:55 ~ blizzardbless ~ None,
2020-11-17 22:04 ~ style_oversubstance ~ None,
2020-11-17 22:10 ~ __kicksrus__ ~ None,
2020-11-17 22:14 ~ lordcustomz ~ None,
2020-11-17 22:25 ~ firefliesandfables ~ None,
2020-11-17 22:52 ~ customsbys_ ~ None,
2020-11-17 22:59 ~ les_crea_de_mk ~ None,
2020-11-17 23:04 ~ diamond._.drawings ~ None,
2020-11-17 23:06 ~ thomasxm_ ~ None,
2020-11-17 23:09 ~ jlouarts ~ None,
2020-11-17 23:16 ~ chick_made_kicks ~ None,
2020-11-17 23:19 ~ hulkgraffiticustom ~ None,
2020-11-17 23:22 ~ tulipflo ~ None,
2020-11-17 23:25 ~ fly.view ~ None,
2020-11-17 23:30 ~ kat_nkd ~ None,
2020-11-17 23:33 ~ snkrsbymiggz ~ None,
2020-11-17 23:36 ~ jcred.tv ~ None,
2020-11-18 00:01 ~ cats_n_stufff ~ None,
2020-11-19 10:27 ~ emilyskickz ~ None,
2020-11-19 10:30 ~ p0ab51dab51dd0 ~ None,
2020-11-19 10:33 ~ neel_custom ~ None,
2020-11-19 10:44 ~ zoyamoth ~ None,
2020-11-19 10:59 ~ monyek.artik ~ None,
2020-11-19 11:06 ~ teejaycustomiser ~ None,
2020-11-19 11:09 ~ iceylarie ~ None,
2020-11-19 11:12 ~ jazzcustomlab ~ None,
2020-11-19 11:20 ~ sneakdefenderuk ~ None,
2020-11-19 11:22 ~ cucisepatufootprint ~ None,
2020-11-19 11:24 ~ kinderize ~ None,
2020-11-19 11:28 ~ sx_sneakers_xclusive ~ None,
2020-11-19 11:43 ~ customsneakerssss ~ None,
2020-11-19 11:45 ~ kokio.couture ~ None,
2020-11-19 12:01 ~ customonfire ~ None,
2020-11-19 12:10 ~ customize.bg ~ None,
2020-11-19 12:18 ~ dacriscustoms ~ None,
2020-11-19 20:58 ~ linwei5859 ~ None,
2020-11-19 21:08 ~ thriftingpdxcustoms ~ None,
2020-11-19 21:12 ~ kshepaints ~ None,
2020-11-19 21:14 ~ madebytaylor ~ None,
2020-11-19 21:19 ~ williams_custom_sneakers ~ None,
2020-11-19 21:25 ~ magoofx ~ None,
2020-11-19 21:29 ~ crazymaremohair ~ None,
